<?xml version="1.0" encoding="UTF-8"?>
<metadata xml:lang="es"><Esri><CreaDate>20180524</CreaDate><CreaTime>15015900</CreaTime><ArcGISFormat>1.0</ArcGISFormat><SyncOnce>TRUE</SyncOnce><DataProperties><lineage><Process ToolSource="c:\program files (x86)\arcgis\desktop10.2\ArcToolbox\Toolboxes\Data Management Tools.tbx\CalculateField" Date="20180524" Time="150159">CalculateField MANZANAS_LA_PAZ departamen "Nuestra Señora de La Paz" VB #</Process><Process ToolSource="c:\program files (x86)\arcgis\desktop10.2\ArcToolbox\Toolboxes\Data Management Tools.tbx\CalculateField" Date="20180524" Time="150211">CalculateField MANZANAS_LA_PAZ nombreciud "Nuestra Señora de La Paz" VB #</Process><Process ToolSource="c:\program files (x86)\arcgis\desktop10.2\ArcToolbox\Toolboxes\Data Management Tools.tbx\CalculateField" Date="20180524" Time="150224">CalculateField MANZANAS_LA_PAZ departamen "La Paz" VB #</Process></lineage></DataProperties></Esri></metadata>
