<?xml version="1.0" encoding="UTF-8"?>
<metadata xml:lang="es"><Esri><CreaDate>20180817</CreaDate><CreaTime>17301700</CreaTime><SyncOnce>FALSE</SyncOnce><DataProperties><itemProps><itemName Sync="TRUE">Reunion_Dist_Subalcaldias</itemName><imsContentType Sync="TRUE">002</imsContentType><itemSize Sync="TRUE">0.000</itemSize><itemLocation><linkage Sync="TRUE">file://\\GMLPPC04211\Users\emilio.choque\Desktop\AJUSTES 2017\commondata\data0\MACRODISTRITOS</linkage><protocol Sync="TRUE">Local Area Network</protocol></itemLocation></itemProps><coordRef><type Sync="TRUE">Projected</type><geogcsn Sync="TRUE">GCS_WGS_1984</geogcsn><csUnits Sync="TRUE">Linear Unit: Meter (1.000000)</csUnits><projcsn Sync="TRUE">WGS_1984_UTM_Zone_19S</projcsn><peXml Sync="TRUE">&lt;ProjectedCoordinateSystem xsi:type='typens:ProjectedCoordinateSystem' xmlns:xsi='http://www.w3.org/2001/XMLSchema-instance' xmlns:xs='http://www.w3.org/2001/XMLSchema' xmlns:typens='http://www.esri.com/schemas/ArcGIS/10.0'&gt;&lt;WKT&gt;PROJCS[&amp;quot;WGS_1984_UTM_Zone_19S&amp;quot;,GEOGCS[&amp;quot;GCS_WGS_1984&amp;quot;,DATUM[&amp;quot;D_WGS_1984&amp;quot;,SPHEROID[&amp;quot;WGS_1984&amp;quot;,6378137.0,298.257223563]],PRIMEM[&amp;quot;Greenwich&amp;quot;,0.0],UNIT[&amp;quot;Degree&amp;quot;,0.0174532925199433]],PROJECTION[&amp;quot;Transverse_Mercator&amp;quot;],PARAMETER[&amp;quot;False_Easting&amp;quot;,500000.0],PARAMETER[&amp;quot;False_Northing&amp;quot;,10000000.0],PARAMETER[&amp;quot;Central_Meridian&amp;quot;,-69.0],PARAMETER[&amp;quot;Scale_Factor&amp;quot;,0.9996],PARAMETER[&amp;quot;Latitude_Of_Origin&amp;quot;,0.0],UNIT[&amp;quot;Meter&amp;quot;,1.0],AUTHORITY[&amp;quot;EPSG&amp;quot;,32719]]&lt;/WKT&gt;&lt;XOrigin&gt;-5120900&lt;/XOrigin&gt;&lt;YOrigin&gt;1900&lt;/YOrigin&gt;&lt;XYScale&gt;450445547.3910538&lt;/XYScale&gt;&lt;ZOrigin&gt;-100000&lt;/ZOrigin&gt;&lt;ZScale&gt;10000&lt;/ZScale&gt;&lt;MOrigin&gt;-100000&lt;/MOrigin&gt;&lt;MScale&gt;10000&lt;/MScale&gt;&lt;XYTolerance&gt;0.001&lt;/XYTolerance&gt;&lt;ZTolerance&gt;0.001&lt;/ZTolerance&gt;&lt;MTolerance&gt;0.001&lt;/MTolerance&gt;&lt;HighPrecision&gt;true&lt;/HighPrecision&gt;&lt;WKID&gt;32719&lt;/WKID&gt;&lt;/ProjectedCoordinateSystem&gt;</peXml></coordRef><lineage><Process ToolSource="C:\Program Files (x86)\ArcGIS\Desktop10.0\ArcToolbox\Toolboxes\Data Management Tools.tbx\Merge" Date="20141006" Time="193505">Merge 'MALLASA DIST';MACRO_SUR;'SAN ANTONIO DIST';'PERIFERICA DIST';'MAX PAREDES DIST';'COTAHUMA DIST';'CENTRO DIS' "D:\emilio.choque\REDISTRITACION 29 01 03\Reunion_Dist_Subalcaldias.shp" "Id "Id" true true false 6 Long 0 6 ,First,#,MALLASA DIST,Id,-1,-1,SAN ANTONIO DIST,Id,-1,-1,PERIFERICA DIST,Id,-1,-1,MAX PAREDES DIST,Id,-1,-1,COTAHUMA DIST,Id,-1,-1,CENTRO DIS,Id,-1,-1;OBJECTID "OBJECTID" true true false 9 Long 0 9 ,First,#,MACRO_SUR,OBJECTID,-1,-1;NOMBRE_MAC "NOMBRE_MAC" true true false 50 Text 0 0 ,First,#,MACRO_SUR,NOMBRE_MAC,-1,-1;COD_MACRO "COD_MACRO" true true false 50 Text 0 0 ,First,#,MACRO_SUR,COD_MACRO,-1,-1;HECTAREA "HECTAREA" true true false 19 Double 0 0 ,First,#,MACRO_SUR,HECTAREA,-1,-1;MODIFICACI "MODIFICACI" true true false 50 Text 0 0 ,First,#,MACRO_SUR,MODIFICACI,-1,-1"</Process><Process ToolSource="C:\Program Files (x86)\ArcGIS\Desktop10.0\ArcToolbox\Toolboxes\Data Management Tools.tbx\CalculateField" Date="20141007" Time="173614">CalculateField Reunion_Dist_Subalcaldias NOMBRE_MAC "CENTRO" VB #</Process><Process ToolSource="C:\Program Files (x86)\ArcGIS\Desktop10.0\ArcToolbox\Toolboxes\Data Management Tools.tbx\CalculateField" Date="20141007" Time="173850">CalculateField Reunion_Dist_Subalcaldias NOMBRE_MAC "CALACOTO" VB #</Process><Process ToolSource="C:\Program Files (x86)\ArcGIS\Desktop10.0\ArcToolbox\Toolboxes\Data Management Tools.tbx\CalculateField" Date="20141007" Time="173936">CalculateField Reunion_Dist_Subalcaldias NOMBRE_MAC "MALLASA" VB #</Process><Process ToolSource="C:\Program Files (x86)\ArcGIS\Desktop10.0\ArcToolbox\Toolboxes\Data Management Tools.tbx\CalculateField" Date="20141007" Time="173951">CalculateField Reunion_Dist_Subalcaldias NOMBRE_MAC "COTAHUMA" VB #</Process><Process ToolSource="C:\Program Files (x86)\ArcGIS\Desktop10.0\ArcToolbox\Toolboxes\Data Management Tools.tbx\CalculateField" Date="20141007" Time="173957">CalculateField Reunion_Dist_Subalcaldias NOMBRE_MAC "COTAHUMA" VB #</Process><Process ToolSource="C:\Program Files (x86)\ArcGIS\Desktop10.0\ArcToolbox\Toolboxes\Data Management Tools.tbx\CalculateField" Date="20141007" Time="174028">CalculateField Reunion_Dist_Subalcaldias NOMBRE_MAC "Max Paredes" VB #</Process><Process ToolSource="C:\Program Files (x86)\ArcGIS\Desktop10.0\ArcToolbox\Toolboxes\Data Management Tools.tbx\CalculateField" Date="20141007" Time="174041">CalculateField Reunion_Dist_Subalcaldias NOMBRE_MAC "Achachicala" VB #</Process><Process ToolSource="C:\Program Files (x86)\ArcGIS\Desktop10.0\ArcToolbox\Toolboxes\Data Management Tools.tbx\CalculateField" Date="20141007" Time="174053">CalculateField Reunion_Dist_Subalcaldias NOMBRE_MAC "Chuquiaguillo" VB #</Process><Process ToolSource="C:\Program Files (x86)\ArcGIS\Desktop10.0\ArcToolbox\Toolboxes\Data Management Tools.tbx\CalculateField" Date="20141007" Time="174105">CalculateField Reunion_Dist_Subalcaldias NOMBRE_MAC "San Antonio" VB #</Process><Process ToolSource="C:\Program Files (x86)\ArcGIS\Desktop10.0\ArcToolbox\Toolboxes\Data Management Tools.tbx\CalculateField" Date="20141007" Time="174115">CalculateField Reunion_Dist_Subalcaldias NOMBRE_MAC "Pampahasi" VB #</Process><Process ToolSource="C:\Program Files (x86)\ArcGIS\Desktop10.0\ArcToolbox\Toolboxes\Data Management Tools.tbx\CalculateField" Date="20141007" Time="174134">CalculateField Reunion_Dist_Subalcaldias NOMBRE_MAC "Calacoto" VB #</Process><Process ToolSource="C:\Program Files (x86)\ArcGIS\Desktop10.0\ArcToolbox\Toolboxes\Data Management Tools.tbx\CalculateField" Date="20141007" Time="174154">CalculateField Reunion_Dist_Subalcaldias NOMBRE_MAC "Mallasa" VB #</Process><Process ToolSource="C:\Program Files (x86)\ArcGIS\Desktop10.0\ArcToolbox\Toolboxes\Data Management Tools.tbx\CalculateField" Date="20141007" Time="174206">CalculateField Reunion_Dist_Subalcaldias NOMBRE_MAC "Obrajes" VB #</Process><Process ToolSource="C:\Program Files (x86)\ArcGIS\Desktop10.0\ArcToolbox\Toolboxes\Data Management Tools.tbx\CalculateField" Date="20141007" Time="174217">CalculateField Reunion_Dist_Subalcaldias NOMBRE_MAC "Cotahuma" VB #</Process><Process ToolSource="C:\Program Files (x86)\ArcGIS\Desktop10.0\ArcToolbox\Toolboxes\Data Management Tools.tbx\CalculateField" Date="20141007" Time="174228">CalculateField Reunion_Dist_Subalcaldias NOMBRE_MAC "Centro" VB #</Process><Process ToolSource="C:\Program Files (x86)\ArcGIS\Desktop10.0\ArcToolbox\Toolboxes\Data Management Tools.tbx\CalculateField" Date="20150421" Time="111502">CalculateField Reunion_Dist_Subalcaldias DIST [MODIFICACI] VB #</Process><Process ToolSource="C:\Program Files (x86)\ArcGIS\Desktop10.0\ArcToolbox\Toolboxes\Data Management Tools.tbx\CalculateField" Date="20150909" Time="102628">CalculateField macrodistrito_2_con_conjunto_urbano NOMBRE_MAC "Pampahasi" VB #</Process><Process ToolSource="C:\Program Files (x86)\ArcGIS\Desktop10.0\ArcToolbox\Toolboxes\Data Management Tools.tbx\CalculateField" Date="20160421" Time="091239">CalculateField Macrodistritos NOMBRE_MAC "SAN ANTONIO" VB #</Process><Process ToolSource="C:\Program Files (x86)\ArcGIS\Desktop10.0\ArcToolbox\Toolboxes\Data Management Tools.tbx\CalculateField" Date="20160705" Time="150529">CalculateField Macrodistritos NOMBRE_MAC "ZONGO VALLE" VB #</Process><Process ToolSource="C:\Program Files (x86)\ArcGIS\Desktop10.0\ArcToolbox\Toolboxes\Data Management Tools.tbx\CalculateField" Date="20160705" Time="150606">CalculateField Macrodistritos NOMBRE_MAC "ZONGO" VB #</Process><Process ToolSource="C:\Program Files (x86)\ArcGIS\Desktop10.0\ArcToolbox\Toolboxes\Data Management Tools.tbx\CalculateField" Date="20170921" Time="155640">CalculateField MACRODISTRITOS MACRO_ANTE [NOMBRE_MAC] VB #</Process><Process ToolSource="C:\Program Files (x86)\ArcGIS\Desktop10.0\ArcToolbox\Toolboxes\Data Management Tools.tbx\CalculateField" Date="20170921" Time="155654">CalculateField MACRODISTRITOS MACRO_VIGE [NOMBRE_MAC] VB #</Process><Process ToolSource="C:\Program Files (x86)\ArcGIS\Desktop10.0\ArcToolbox\Toolboxes\Data Management Tools.tbx\CalculateField" Date="20170921" Time="155718">CalculateField MACRODISTRITOS MACRO_ANTE "SUR" VB #</Process></lineage><copyHistory><copy source="D:\NUEVOS SHP CENTRO PERIFERICA\MACRODISTRITOS" dest="\\GMLPPC04211\Users\emilio.choque\Desktop\AJUSTES 2017\commondata\data0\MACRODISTRITOS" date="20170921" time="15584100"></copy></copyHistory></DataProperties><SyncDate>20141006</SyncDate><SyncTime>19350500</SyncTime><ModDate>20141006</ModDate><ModTime>19350500</ModTime><ArcGISFormat>1.0</ArcGISFormat></Esri><dataIdInfo><envirDesc Sync="TRUE">Microsoft Windows 7 Version 6.1 (Build 7601) Service Pack 1; ESRI ArcGIS 10.0.5.4400</envirDesc><dataLang><languageCode value="spa" Sync="TRUE"></languageCode><countryCode value="BOL" Sync="TRUE"></countryCode></dataLang><idCitation><resTitle Sync="TRUE">Reunion_Dist_Subalcaldias</resTitle><presForm><PresFormCd value="005" Sync="TRUE"></PresFormCd></presForm></idCitation><spatRpType><SpatRepTypCd value="001" Sync="TRUE"></SpatRepTypCd></spatRpType></dataIdInfo><mdLang><languageCode value="spa" Sync="TRUE"></languageCode><countryCode value="BOL" Sync="TRUE"></countryCode></mdLang><mdChar><CharSetCd value="004" Sync="TRUE"></CharSetCd></mdChar><distInfo><distFormat><formatName Sync="TRUE">Shapefile</formatName></distFormat><distTranOps><transSize Sync="TRUE">0.000</transSize></distTranOps></distInfo><mdHrLv><ScopeCd value="005" Sync="TRUE"></ScopeCd></mdHrLv><mdHrLvName Sync="TRUE">dataset</mdHrLvName><refSysInfo><RefSystem><refSysID><identCode code="32719" Sync="TRUE"></identCode><idCodeSpace Sync="TRUE">EPSG</idCodeSpace><idVersion Sync="TRUE">7.4.1</idVersion></refSysID></RefSystem></refSysInfo><spatRepInfo><VectSpatRep><geometObjs Name="Reunion_Dist_Subalcaldias"><geoObjTyp><GeoObjTypCd value="002" Sync="TRUE"></GeoObjTypCd></geoObjTyp><geoObjCnt Sync="TRUE">0</geoObjCnt></geometObjs><topLvl><TopoLevCd value="001" Sync="TRUE"></TopoLevCd></topLvl></VectSpatRep></spatRepInfo><spdoinfo><ptvctinf><esriterm><efeatyp Sync="TRUE">Simple</efeatyp><efeageom code="4" Sync="TRUE"></efeageom><esritopo Sync="TRUE">FALSE</esritopo><efeacnt Sync="TRUE">0</efeacnt><spindex Sync="TRUE">TRUE</spindex><linrefer Sync="TRUE">FALSE</linrefer></esriterm></ptvctinf></spdoinfo><eainfo><detailed Name="Reunion_Dist_Subalcaldias"><enttyp><enttypl Sync="TRUE">Reunion_Dist_Subalcaldias</enttypl><enttypt Sync="TRUE">Feature Class</enttypt><enttypc Sync="TRUE">0</enttypc></enttyp><attr><attrlabl Sync="TRUE">FID</attrlabl><attalias Sync="TRUE">FID</attalias><attrtype Sync="TRUE">OID</attrtype><attwidth Sync="TRUE">4</attwidth><atprecis Sync="TRUE">0</atprecis><attscale Sync="TRUE">0</attscale><attrdef Sync="TRUE">Internal feature number.</attrdef><attrdefs Sync="TRUE">ESRI</attrdefs><attrdomv><udom Sync="TRUE">Sequential unique whole numbers that are automatically generated.</udom></attrdomv></attr><attr><attrlabl Sync="TRUE">Shape</attrlabl><attalias Sync="TRUE">Shape</attalias><attrtype Sync="TRUE">Geometry</attrtype><attwidth Sync="TRUE">0</attwidth><atprecis Sync="TRUE">0</atprecis><attscale Sync="TRUE">0</attscale><attrdef Sync="TRUE">Feature geometry.</attrdef><attrdefs Sync="TRUE">ESRI</attrdefs><attrdomv><udom Sync="TRUE">Coordinates defining the features.</udom></attrdomv></attr><attr><attrlabl Sync="TRUE">Id</attrlabl><attalias Sync="TRUE">Id</attalias><attrtype Sync="TRUE">Integer</attrtype><attwidth Sync="TRUE">6</attwidth><atprecis Sync="TRUE">6</atprecis><attscale Sync="TRUE">0</attscale></attr><attr><attrlabl Sync="TRUE">OBJECTID</attrlabl><attalias Sync="TRUE">OBJECTID</attalias><attrtype Sync="TRUE">Integer</attrtype><attwidth Sync="TRUE">9</attwidth><atprecis Sync="TRUE">9</atprecis><attscale Sync="TRUE">0</attscale></attr><attr><attrlabl Sync="TRUE">NOMBRE_MAC</attrlabl><attalias Sync="TRUE">NOMBRE_MAC</attalias><attrtype Sync="TRUE">String</attrtype><attwidth Sync="TRUE">50</attwidth><atprecis Sync="TRUE">0</atprecis><attscale Sync="TRUE">0</attscale></attr><attr><attrlabl Sync="TRUE">COD_MACRO</attrlabl><attalias Sync="TRUE">COD_MACRO</attalias><attrtype Sync="TRUE">String</attrtype><attwidth Sync="TRUE">50</attwidth><atprecis Sync="TRUE">0</atprecis><attscale Sync="TRUE">0</attscale></attr><attr><attrlabl Sync="TRUE">HECTAREA</attrlabl><attalias Sync="TRUE">HECTAREA</attalias><attrtype Sync="TRUE">Double</attrtype><attwidth Sync="TRUE">19</attwidth><atprecis Sync="TRUE">0</atprecis><attscale Sync="TRUE">0</attscale></attr><attr><attrlabl Sync="TRUE">MODIFICACI</attrlabl><attalias Sync="TRUE">MODIFICACI</attalias><attrtype Sync="TRUE">String</attrtype><attwidth Sync="TRUE">50</attwidth><atprecis Sync="TRUE">0</atprecis><attscale Sync="TRUE">0</attscale></attr></detailed></eainfo><mdDateSt Sync="TRUE">20141006</mdDateSt></metadata>
