<?xml version="1.0"?>
<!--<!DOCTYPE metadata SYSTEM "http://www.esri.com/metadata/esriprof80.dtd">-->
<metadata xml:lang="es"><Esri><CreaDate>20180817</CreaDate><CreaTime>17310400</CreaTime><SyncOnce>FALSE</SyncOnce><SyncDate>20120725</SyncDate><SyncTime>09553700</SyncTime><ModDate>20120725</ModDate><ModTime>09553700</ModTime><DataProperties><lineage><Process ToolSource="C:\Archivos de programa\ArcGIS\ArcToolbox\Toolboxes\Data Management Tools.tbx\CopyFeatures" Date="20070928" Time="104445">CopyFeatures "Database Connections\Connection to calipso.sde\sde.DBO.A1_1Limite_Adm_Municipal\sde.DBO.Distritos_Municipales" D:\jhas\LIMITES\sde_DBO_Distritos_Municipales.shp # 0 0 0</Process><Process Name="FeatureClassToFeatureClass_2" ToolSource="C:\Archivos de programa\ArcGIS\ArcToolbox\Toolboxes\Conversion Tools.tbx\FeatureClassToFeatureClass" Date="20071024" Time="084840">FeatureClassToFeatureClass D:\jhas\LIMITES\sde_DBO_Distritos_Municipales.shp "D:\jhas\proyectos terminados\UIT.mdb\LIMITE_ADMINISTRATIVO_MUNICIPAL" DISTRITOS_MUNICIPALES # "ID ID true false false 5 Long 0 5 ,First,#,D:\jhas\LIMITES\sde_DBO_Distritos_Municipales.shp,ID,-1,-1;NOMBRE NOMBRE true false false 50 Text 0 0 ,First,#,D:\jhas\LIMITES\sde_DBO_Distritos_Municipales.shp,NOMBRE,-1,-1;SUPERFICIE SUPERFICIE true false false 19 Double 8 18 ,First,#,D:\jhas\LIMITES\sde_DBO_Distritos_Municipales.shp,SUPERFICIE,-1,-1;PERIMETRO PERIMETRO true false false 19 Double 8 18 ,First,#,D:\jhas\LIMITES\sde_DBO_Distritos_Municipales.shp,PERIMETRO,-1,-1;DIST_MUNIC DIST_MUNIC true false false 50 Text 0 0 ,First,#,D:\jhas\LIMITES\sde_DBO_Distritos_Municipales.shp,DIST_MUNIC,-1,-1;SHAPE_area SHAPE_area true false false 19 Double 0 0 ,First,#,D:\jhas\LIMITES\sde_DBO_Distritos_Municipales.shp,SHAPE_area,-1,-1;SHAPE_len SHAPE_len true false false 19 Double 0 0 ,First,#,D:\jhas\LIMITES\sde_DBO_Distritos_Municipales.shp,SHAPE_len,-1,-1" # "D:\jhas\proyectos terminados\UIT.mdb\LIMITE_ADMINISTRATIVO_MUNICIPAL\DISTRITOS_MUNICIPALES"</Process><Process Name="FeatureClassToFeatureClass_2" ToolSource="C:\Archivos de programa\ArcGIS\ArcToolbox\Toolboxes\Conversion Tools.tbx\FeatureClassToFeatureClass" Date="20071024" Time="160010">FeatureClassToFeatureClass "D:\W SIT\GDBS_W\WALDO\UIT.mdb\LIMITE_ADMINISTRATIVO_MUNICIPAL\DISTRITOS_MUNICIPALES" "D:\W SIT\GDBS_W\WALDO_1\borrar" DISTRITOS_MUNICIPALES.shp # "GDBSID GDBSID true true false 4 Long 0 0 ,First,#,D:\W SIT\GDBS_W\WALDO\UIT.mdb\LIMITE_ADMINISTRATIVO_MUNICIPAL\DISTRITOS_MUNICIPALES,ID,-1,-1;GDBSNOMB GDBSNOMB true true false 50 Text 0 0 ,First,#,D:\W SIT\GDBS_W\WALDO\UIT.mdb\LIMITE_ADMINISTRATIVO_MUNICIPAL\DISTRITOS_MUNICIPALES,NOMBRE,-1,-1;GDBSSUPE GDBSSUPE true true false 8 Double 0 0 ,First,#,D:\W SIT\GDBS_W\WALDO\UIT.mdb\LIMITE_ADMINISTRATIVO_MUNICIPAL\DISTRITOS_MUNICIPALES,SUPERFICIE,-1,-1;GDBSPERI GDBSPERI true true false 8 Double 0 0 ,First,#,D:\W SIT\GDBS_W\WALDO\UIT.mdb\LIMITE_ADMINISTRATIVO_MUNICIPAL\DISTRITOS_MUNICIPALES,PERIMETRO,-1,-1;GDBSDISTM GDBSDISTM true true false 50 Text 0 0 ,First,#,D:\W SIT\GDBS_W\WALDO\UIT.mdb\LIMITE_ADMINISTRATIVO_MUNICIPAL\DISTRITOS_MUNICIPALES,DIST_MUNIC,-1,-1;GDBSLENG Shape_Length false true true 8 Double 0 0 ,First,#,D:\W SIT\GDBS_W\WALDO\UIT.mdb\LIMITE_ADMINISTRATIVO_MUNICIPAL\DISTRITOS_MUNICIPALES,Shape_Length,-1,-1;GDBSAREA Shape_Area false true true 8 Double 0 0 ,First,#,D:\W SIT\GDBS_W\WALDO\UIT.mdb\LIMITE_ADMINISTRATIVO_MUNICIPAL\DISTRITOS_MUNICIPALES,Shape_Area,-1,-1" # "D:\W SIT\GDBS_W\WALDO_1\borrar\DISTRITOS_MUNICIPALES.shp"</Process><Process Name="FeatureClassToFeatureClass_10" ToolSource="C:\Archivos de programa\ArcGIS\ArcToolbox\Toolboxes\Conversion Tools.tbx\FeatureClassToFeatureClass" Date="20071024" Time="172407">FeatureClassToFeatureClass "D:\W SIT\GDBS_W\WALDO_1\borrar\DISTRITOS_MUNICIPALES.shp" \\Srvsit\comp_total\SIT_2007.gdb\I_A1_LIMITES_ADMINISTRATIVOS DISTRITOS_MUNICIPALES # "GDBSID GDBSID true false false 9 Long 0 9 ,First,#,D:\W SIT\GDBS_W\WALDO_1\borrar\DISTRITOS_MUNICIPALES.shp,GDBSID,-1,-1;GDBSSUPE GDBSSUPE true false false 19 Double 0 0 ,First,#,D:\W SIT\GDBS_W\WALDO_1\borrar\DISTRITOS_MUNICIPALES.shp,GDBSSUPE,-1,-1;GDBSPERI GDBSPERI true false false 19 Double 0 0 ,First,#,D:\W SIT\GDBS_W\WALDO_1\borrar\DISTRITOS_MUNICIPALES.shp,GDBSPERI,-1,-1;GDBSDISTM GDBSDISTM true false false 50 Text 0 0 ,First,#,D:\W SIT\GDBS_W\WALDO_1\borrar\DISTRITOS_MUNICIPALES.shp,GDBSDISTM,-1,-1" # \\Srvsit\comp_total\SIT_2007.gdb\I_A1_LIMITES_ADMINISTRATIVOS\DISTRITOS_MUNICIPALES</Process><Process ToolSource="C:\Archivos de programa\ArcGIS\ArcToolbox\Toolboxes\Data Management Tools.tbx\CopyFeatures" Date="20090710" Time="191054">CopyFeatures "C:\Documents and Settings\jzapatag\Mis documentos\Mis archivos recibidos\uspa propuesto\limite_distrital.shp" "C:\Documents and Settings\jzapatag\Mis documentos\Mis archivos recibidos\uspa propuesto\uspa_propuesto.mdb\uspa_propuesto\limite_distrital" # 0 0 0</Process><Process ToolSource="C:\Archivos de programa\ArcGIS\ArcToolbox\Toolboxes\Data Management Tools.tbx\CopyFeatures" Date="20110810" Time="103550">CopyFeatures C:\USPA_OM_2009\distritos\limite_distrital.shp C:\USPA_2010_gdb\USPA_2010.gdb\Distritos\limite_distrital # 0 0 0</Process><Process ToolSource="C:\Archivos de programa\ArcGIS\ArcToolbox\Toolboxes\Conversion Tools.tbx\FeatureClassToFeatureClass" Date="20120305" Time="154530">FeatureClassToFeatureClass "D:\03 Trabajos\031 Proyectos\USPA2010\USPA_2010_gdb\USPA_2010.gdb\Distritos\limite_distrital" "D:\03 Trabajos\031 Proyectos\UMODT\LimiteUrbanoRural\LUR.gdb" LimiteDistrital # "OBJECTID_1 'OBJECTID_1' true true false 4 Long 0 0 ,First,#,D:\03 Trabajos\031 Proyectos\USPA2010\USPA_2010_gdb\USPA_2010.gdb\Distritos\limite_distrital,OBJECTID_1,-1,-1;OBJECTID 'OBJECTID' true true false 8 Double 0 0 ,First,#,D:\03 Trabajos\031 Proyectos\USPA2010\USPA_2010_gdb\USPA_2010.gdb\Distritos\limite_distrital,OBJECTID,-1,-1;GDBSDISTM 'GDBSDISTM' true true false 50 Text 0 0 ,First,#,D:\03 Trabajos\031 Proyectos\USPA2010\USPA_2010_gdb\USPA_2010.gdb\Distritos\limite_distrital,GDBSDISTM,-1,-1;DISTRITO 'DISTRITO' true true false 5 Text 0 0 ,First,#,D:\03 Trabajos\031 Proyectos\USPA2010\USPA_2010_gdb\USPA_2010.gdb\Distritos\limite_distrital,DISTRITO,-1,-1;Shape_Length 'Shape_Length' false true true 8 Double 0 0 ,First,#,D:\03 Trabajos\031 Proyectos\USPA2010\USPA_2010_gdb\USPA_2010.gdb\Distritos\limite_distrital,Shape_Length,-1,-1;Shape_Area 'Shape_Area' false true true 8 Double 0 0 ,First,#,D:\03 Trabajos\031 Proyectos\USPA2010\USPA_2010_gdb\USPA_2010.gdb\Distritos\limite_distrital,Shape_Area,-1,-1" # "D:\03 Trabajos\031 Proyectos\UMODT\LimiteUrbanoRural\LUR.gdb\LimiteDistrital"</Process><Process ToolSource="C:\Program Files (x86)\ArcGIS\ArcToolbox\Toolboxes\Conversion Tools.tbx\FeatureClassToFeatureClass" Date="20120725" Time="095538">FeatureClassToFeatureClass D:\BETO\_SIG\SIT_SHP\NuevosDistritos\Distritos.shp "Database Connections\Source.sde\sde.SDE.G1_A1_LIMITES_ADMINISTRATIVOS" distritos_om_192_2012 # "OBJECTID_1 'OBJECTID_1' true true false 9 Long 0 9 ,First,#,D:\BETO\_SIG\SIT_SHP\NuevosDistritos\Distritos.shp,OBJECTID_1,-1,-1;GDBSDISTM 'GDBSDISTM' true true false 50 Text 0 0 ,First,#,D:\BETO\_SIG\SIT_SHP\NuevosDistritos\Distritos.shp,GDBSDISTM,-1,-1;DISTRITO 'DISTRITO' true true false 4 Short 0 4 ,First,#,D:\BETO\_SIG\SIT_SHP\NuevosDistritos\Distritos.shp,DISTRITO,-1,-1;TIPO 'TIPO' true true false 2 Text 0 0 ,First,#,D:\BETO\_SIG\SIT_SHP\NuevosDistritos\Distritos.shp,TIPO,-1,-1;Shape_Leng 'Shape_Leng' true true false 19 Double 0 0 ,First,#,D:\BETO\_SIG\SIT_SHP\NuevosDistritos\Distritos.shp,Shape_Leng,-1,-1;Shape_Area 'Shape_Area' true true false 19 Double 0 0 ,First,#,D:\BETO\_SIG\SIT_SHP\NuevosDistritos\Distritos.shp,Shape_Area,-1,-1" # "Database Connections\Source.sde\sde.SDE.G1_A1_LIMITES_ADMINISTRATIVOS\sde.SDE.distritos_om_192_2012"</Process><Process ToolSource="C:\Program Files (x86)\ArcGIS\Desktop10.0\ArcToolbox\Toolboxes\Data Management Tools.tbx\CalculateField" Date="20140918" Time="113330">CalculateField Distritos_Vigentes GDBSDISTM "9" VB #</Process><Process ToolSource="C:\Program Files (x86)\ArcGIS\Desktop10.0\ArcToolbox\Toolboxes\Data Management Tools.tbx\CalculateField" Date="20160224" Time="103916">CalculateField Distritos_vigentes_Redri_Sur Macrodistr "Cotahuma" VB #</Process><Process ToolSource="C:\Program Files (x86)\ArcGIS\Desktop10.0\ArcToolbox\Toolboxes\Data Management Tools.tbx\CalculateField" Date="20160224" Time="103933">CalculateField Distritos_vigentes_Redri_Sur Macrodistr "Max Paredes" VB #</Process><Process ToolSource="C:\Program Files (x86)\ArcGIS\Desktop10.0\ArcToolbox\Toolboxes\Data Management Tools.tbx\CalculateField" Date="20160224" Time="103948">CalculateField Distritos_vigentes_Redri_Sur Macrodistr "Periferica" VB #</Process><Process ToolSource="C:\Program Files (x86)\ArcGIS\Desktop10.0\ArcToolbox\Toolboxes\Data Management Tools.tbx\CalculateField" Date="20160224" Time="104727">CalculateField Distritos_vigentes_Redri_Sur Macrodistr "San Antonio" VB #</Process><Process ToolSource="C:\Program Files (x86)\ArcGIS\Desktop10.0\ArcToolbox\Toolboxes\Data Management Tools.tbx\CalculateField" Date="20160224" Time="104743">CalculateField Distritos_vigentes_Redri_Sur Macrodistr "Centro" VB #</Process><Process ToolSource="C:\Program Files (x86)\ArcGIS\Desktop10.0\ArcToolbox\Toolboxes\Data Management Tools.tbx\CalculateField" Date="20160224" Time="104809">CalculateField Distritos_vigentes_Redri_Sur Macrodistr "Obrajes" VB #</Process><Process ToolSource="C:\Program Files (x86)\ArcGIS\Desktop10.0\ArcToolbox\Toolboxes\Data Management Tools.tbx\CalculateField" Date="20160224" Time="104821">CalculateField Distritos_vigentes_Redri_Sur Macrodistr "Calacoto" VB #</Process><Process ToolSource="C:\Program Files (x86)\ArcGIS\Desktop10.0\ArcToolbox\Toolboxes\Data Management Tools.tbx\CalculateField" Date="20160224" Time="104843">CalculateField Distritos_vigentes_Redri_Sur Macrodistr "Ovejuyo" VB #</Process><Process ToolSource="C:\Program Files (x86)\ArcGIS\Desktop10.0\ArcToolbox\Toolboxes\Data Management Tools.tbx\CalculateField" Date="20160224" Time="104907">CalculateField Distritos_vigentes_Redri_Sur Macrodistr "Zongo Trópico" VB #</Process><Process ToolSource="C:\Program Files (x86)\ArcGIS\Desktop10.0\ArcToolbox\Toolboxes\Data Management Tools.tbx\CalculateField" Date="20160224" Time="104917">CalculateField Distritos_vigentes_Redri_Sur Macrodistr "Zongo" VB #</Process><Process ToolSource="C:\Program Files (x86)\ArcGIS\Desktop10.0\ArcToolbox\Toolboxes\Data Management Tools.tbx\CalculateField" Date="20160224" Time="104930">CalculateField Distritos_vigentes_Redri_Sur Macrodistr "Hampaturi" VB #</Process><Process ToolSource="C:\Program Files (x86)\ArcGIS\Desktop10.0\ArcToolbox\Toolboxes\Data Management Tools.tbx\CalculateField" Date="20160224" Time="104939">CalculateField Distritos_vigentes_Redri_Sur Macrodistr "Mallasa" VB #</Process><Process ToolSource="C:\Program Files (x86)\ArcGIS\Desktop10.0\ArcToolbox\Toolboxes\Data Management Tools.tbx\CalculateField" Date="20160224" Time="105120">CalculateField Distritos_vigentes_Redri_Sur TIPO "UR" VB #</Process><Process ToolSource="C:\Program Files (x86)\ArcGIS\Desktop10.0\ArcToolbox\Toolboxes\Data Management Tools.tbx\CalculateField" Date="20160224" Time="105130">CalculateField Distritos_vigentes_Redri_Sur TIPO "RU" VB #</Process><Process ToolSource="C:\Program Files (x86)\ArcGIS\Desktop10.0\ArcToolbox\Toolboxes\Data Management Tools.tbx\CalculateField" Date="20170921" Time="155344">CalculateField DISTRITOS MACRO_ANTE [Macrodistr] VB #</Process><Process ToolSource="C:\Program Files (x86)\ArcGIS\Desktop10.0\ArcToolbox\Toolboxes\Data Management Tools.tbx\CalculateField" Date="20170921" Time="155354">CalculateField DISTRITOS MACRO_VIGE [Macrodistr] VB #</Process><Process ToolSource="C:\Program Files (x86)\ArcGIS\Desktop10.0\ArcToolbox\Toolboxes\Data Management Tools.tbx\CalculateField" Date="20170921" Time="155421">CalculateField DISTRITOS MACRO_ANTE "Sur" VB #</Process></lineage><itemProps><itemLocation><linkage Sync="TRUE">file://\\GMLPPC04211\Users\emilio.choque\Desktop\AJUSTES 2017\commondata\data0\DISTRITOS</linkage><protocol Sync="TRUE">Local Area Network</protocol></itemLocation></itemProps><copyHistory><copy source="D:\NUEVOS SHP CENTRO PERIFERICA\DISTRITOS" dest="\\GMLPPC04211\Users\emilio.choque\Desktop\AJUSTES 2017\commondata\data0\DISTRITOS" date="20170921" time="15584100"></copy></copyHistory></DataProperties><ArcGISFormat>1.0</ArcGISFormat></Esri><idinfo><native Sync="TRUE">Microsoft Windows Vista Version 6.1 (Build 7600) ; ESRI ArcCatalog 9.3.1.4000</native><descript><langdata>CASTELLANO</langdata><abstract>DEFINE LOS LÍMITES DISTRITALES DEL MUNICIPIO CON SUS VECINOS  COLINDANTES DEFINIDO A PARTIR DE LA ORDENANZA MUNICIPAL Nº 021/96 Y RESOLUCIÓN Nº 0406/97  de 16 /09/97.</abstract><purpose>PLANIFICACIÓN TERRITORIAL, URBANISMO, PLANEAMIENTO DE USOS DE SUELO Y CATASTRO.</purpose></descript><citation><citeinfo><origin>UNIDAD DE INFORMACIÓN TERRITORIAL</origin><pubdate>20080401</pubdate><title>DISTRITOS MUNICIPALES</title><ftname Sync="TRUE">sde.SDE.distritos_om_192_2012</ftname><geoform Sync="TRUE">vector digital data</geoform><onlink Sync="TRUE"></onlink><pubtime>20080401</pubtime><edition>UIT</edition></citeinfo></citation><timeperd><current>REQUIRED: The basis on which the time period of content information is determined.</current><timeinfo><sngdate><caldate>REQUIRED: The year (and optionally month, or month and day) for which the data set corresponds to the ground.</caldate></sngdate></timeinfo></timeperd><status><progress>In work</progress><update>Irregular</update></status><spdom><bounding><westbc Sync="TRUE">-68.172623</westbc><eastbc Sync="TRUE">-67.931676</eastbc><northbc Sync="TRUE">-16.258128</northbc><southbc Sync="TRUE">-16.609417</southbc></bounding><lboundng><leftbc Sync="TRUE">588409.962097</leftbc><rightbc Sync="TRUE">613955.000124</rightbc><bottombc Sync="TRUE">8163469.570129</bottombc><topbc Sync="TRUE">8202214.645327</topbc></lboundng></spdom><keywords><theme><themekt>REQUIRED: Reference to a formally registered thesaurus or a similar authoritative source of theme keywords.</themekt><themekey>MUNICIPALES</themekey><themekey>DISTRITOS</themekey></theme><place><placekey>LA PAZ</placekey></place></keywords><accconst>REQUIRED: Restrictions and legal prerequisites for accessing the data set.</accconst><useconst>REQUIRED: Restrictions and legal prerequisites for using the data set after access is granted.</useconst><natvform Sync="TRUE">SDE Feature Class</natvform><ptcontac><cntinfo><cntorgp><cntorg>GOBIERNO MUNICIPAL DE LA PAZ</cntorg><cntper>ING. MARIA ALEJANDRA RODRIGUEZ</cntper></cntorgp><cntpos>JEFA DE LA UNIDAD DE INFORMACIÓN TERRITORIAL</cntpos><cntaddr><addrtype>physical address</addrtype><address>CALLE MERCADO NO. 1298 EDF. ESCOBAR URIA PISO 3</address><city>LA PAZ</city><state>MURILLO</state><country>BOLIVIA</country></cntaddr><cntvoice>(591-2) 2202030</cntvoice><cntfax>(591-2) 2204377</cntfax><cntemail>marodriguez@lapaz.bo</cntemail><hours>8:30-12:00 Y 14:30-19:00</hours></cntinfo></ptcontac><crossref><citeinfo><origin>UNIDAD DE INFORMACIÓN TERRITORIAL</origin><pubdate>20080401</pubdate><pubtime>20080401</pubtime><title>DISTRITOS MUNICIPALES</title><edition>UIT</edition><geoform>vector digital data</geoform></citeinfo></crossref><secinfo><secclass>CONFIDENCIAL</secclass></secinfo></idinfo><dataIdInfo><envirDesc Sync="TRUE">Microsoft Windows Vista Version 6.1 (Build 7600) ; ESRI ArcCatalog 9.3.1.4000</envirDesc><dataLang><languageCode Sync="TRUE" value="es"></languageCode></dataLang><idCitation><resTitle Sync="TRUE">sde.SDE.distritos_om_192_2012</resTitle><presForm><PresFormCd Sync="TRUE" value="005"></PresFormCd></presForm></idCitation><spatRpType><SpatRepTypCd Sync="TRUE" value="001"></SpatRepTypCd></spatRpType><dataExt><geoEle><GeoBndBox esriExtentType="native"><westBL Sync="TRUE">588409.962097</westBL><eastBL Sync="TRUE">613955.000124</eastBL><northBL Sync="TRUE">8202214.645327</northBL><southBL Sync="TRUE">8163469.570129</southBL><exTypeCode Sync="TRUE">1</exTypeCode></GeoBndBox></geoEle></dataExt><geoBox esriExtentType="decdegrees"><westBL Sync="TRUE">-68.172623</westBL><eastBL Sync="TRUE">-67.931676</eastBL><northBL Sync="TRUE">-16.258128</northBL><southBL Sync="TRUE">-16.609417</southBL><exTypeCode Sync="TRUE">1</exTypeCode></geoBox></dataIdInfo><metainfo><langmeta>CASTELLANO</langmeta><metstdn Sync="TRUE">FGDC Content Standards for Digital Geospatial Metadata</metstdn><metstdv Sync="TRUE">FGDC-STD-001-1998</metstdv><mettc Sync="TRUE">local time</mettc><metc><cntinfo><cntorgp><cntper>ING. MARIA ALEJANDRA RODRIGUEZ</cntper><cntorg>GOBIERNO MUNICIPAL DE LA PAZ</cntorg></cntorgp><cntaddr><addrtype>physical address</addrtype><city>LA PAZ</city><state>MURILLO</state><postal>REQUIRED: The ZIP or other postal code of the address.</postal><address>CALLE MERCADO NO. 1298 EDF. ESCOBAR URIA PISO 3</address><country>BOLIVIA</country></cntaddr><cntvoice>(591-2) 2202030</cntvoice><cntpos>JEFA DE LA UNIDAD DE INFORMACIÓN TERRITORIAL</cntpos><cntfax>(591-2) 2204377</cntfax><cntemail>marodriguez@lapaz.bo</cntemail><hours>8:30-12:00 Y 14:30-19:00</hours></cntinfo></metc><metd Sync="TRUE">20120725</metd><metextns><onlink Sync="TRUE">http://www.esri.com/metadata/esriprof80.html</onlink><metprof Sync="TRUE">ESRI Metadata Profile</metprof></metextns></metainfo><mdLang><languageCode Sync="TRUE" value="es"></languageCode></mdLang><mdStanName Sync="TRUE">ISO 19115 Geographic Information - Metadata</mdStanName><mdStanVer Sync="TRUE">DIS_ESRI1.0</mdStanVer><mdChar><CharSetCd Sync="TRUE" value="004"></CharSetCd></mdChar><mdHrLv><ScopeCd Sync="TRUE" value="005"></ScopeCd></mdHrLv><mdHrLvName Sync="TRUE">dataset</mdHrLvName><distinfo><resdesc Sync="TRUE">Downloadable Data</resdesc><stdorder><digform><digtinfo><transize Sync="TRUE">0,166</transize><dssize Sync="TRUE">0,166</dssize></digtinfo></digform></stdorder><distrib><cntinfo><cntorgp><cntorg>GOBIERNO MUNICIPAL DE LA PAZ</cntorg><cntper>ING. MARIA ALEJANDRA RODRIGUEZ</cntper></cntorgp><cntpos>JEFA DE LA UNIDAD DE INFORMACIÓN TERRITORIAL</cntpos><cntaddr><addrtype>physical address</addrtype><address>CALLE MERCADO NO. 1298 EDF. ESCOBAR URIA PISO 3</address><city>LA PAZ</city><state>MURILLO</state><country>BOLIVIA</country></cntaddr><cntvoice>(591-2) 2202030</cntvoice><cntfax>(591-2) 2204377</cntfax><cntemail>marodriguez@lapaz.bo</cntemail><hours>8:30-12:00 Y 14:30-19:00</hours></cntinfo></distrib></distinfo><distInfo><distributor><distorTran><onLineSrc><orDesc Sync="TRUE">002</orDesc><linkage Sync="TRUE">file://</linkage><protocol Sync="TRUE">Local Area Network</protocol></onLineSrc><transSize Sync="TRUE">0,166</transSize></distorTran><distorFormat><formatName Sync="TRUE">SDE Feature Class</formatName></distorFormat></distributor></distInfo><spdoinfo><direct Sync="TRUE">Vector</direct><ptvctinf><esriterm Name="sde.SDE.distritos_om_192_2012"><efeatyp Sync="TRUE">Simple</efeatyp><efeageom Sync="TRUE">Polygon</efeageom><esritopo Sync="TRUE">FALSE</esritopo><efeacnt Sync="TRUE">0</efeacnt><spindex Sync="TRUE">TRUE</spindex><linrefer Sync="TRUE">FALSE</linrefer></esriterm><sdtsterm Name="sde.SDE.distritos_om_192_2012"><sdtstype Sync="TRUE">G-polygon</sdtstype><ptvctcnt Sync="TRUE">0</ptvctcnt></sdtsterm></ptvctinf></spdoinfo><spref><horizsys><cordsysn><geogcsn Sync="TRUE">GCS_WGS_1984</geogcsn><projcsn Sync="TRUE">WGS_1984_UTM_Zone_19S</projcsn></cordsysn><planar><planci><plance Sync="TRUE">coordinate pair</plance><plandu Sync="TRUE">meters</plandu><coordrep><absres Sync="TRUE">0.000100</absres><ordres Sync="TRUE">0.000100</ordres></coordrep></planci><gridsys><gridsysn Sync="TRUE">Universal Transverse Mercator</gridsysn><utm><utmzone Sync="TRUE">-19</utmzone><transmer><sfctrmer Sync="TRUE">0.999600</sfctrmer><longcm Sync="TRUE">-69.000000</longcm><latprjo Sync="TRUE">0.000000</latprjo><feast Sync="TRUE">500000.000000</feast><fnorth Sync="TRUE">10000000.000000</fnorth></transmer></utm></gridsys></planar><geodetic><horizdn Sync="TRUE">D_WGS_1984</horizdn><ellips Sync="TRUE">WGS_1984</ellips><semiaxis Sync="TRUE">6378137.000000</semiaxis><denflat Sync="TRUE">298.257224</denflat></geodetic></horizsys><vertdef><altsys><altenc Sync="TRUE">Explicit elevation coordinate included with horizontal coordinates</altenc><altres Sync="TRUE">1.000000</altres></altsys></vertdef></spref><refSysInfo><RefSystem><refSysID><identCode Sync="TRUE">WGS_1984_UTM_Zone_19S</identCode></refSysID></RefSystem></refSysInfo><spatRepInfo><VectSpatRep><topLvl><TopoLevCd Sync="TRUE" value="001"></TopoLevCd></topLvl><geometObjs Name="sde.SDE.distritos_om_192_2012"><geoObjTyp><GeoObjTypCd Sync="TRUE" value="001"></GeoObjTypCd></geoObjTyp><geoObjCnt Sync="TRUE">0</geoObjCnt></geometObjs></VectSpatRep></spatRepInfo><eainfo><detailed Name="sde.SDE.distritos_om_192_2012"><enttyp><enttypl>DISTRITOS MUNICIPALES</enttypl><enttypt Sync="TRUE">Feature Class</enttypt><enttypc Sync="TRUE">0</enttypc></enttyp><attr><attrlabl Sync="TRUE">distrito</attrlabl><attalias Sync="TRUE">OBJECTID</attalias><attrtype Sync="TRUE">OID</attrtype><attwidth Sync="TRUE">4</attwidth><atprecis Sync="TRUE">10</atprecis><attscale Sync="TRUE">0</attscale><attrdef Sync="TRUE">Internal feature number.</attrdef><attrdefs Sync="TRUE">ESRI</attrdefs><attrdomv><udom Sync="TRUE">Sequential unique whole numbers that are automatically generated.</udom></attrdomv></attr><attr><attrlabl Sync="TRUE">DISTRITO</attrlabl><attalias Sync="TRUE">Shape</attalias><attrtype Sync="TRUE">Geometry</attrtype><attwidth Sync="TRUE">4</attwidth><attrdef Sync="TRUE">Internal feature number.</attrdef><attrdefs Sync="TRUE">ESRI</attrdefs><attrdomv><udom Sync="TRUE">Sequential unique whole numbers that are automatically generated.</udom></attrdomv><atprecis Sync="TRUE">0</atprecis><attscale Sync="TRUE">0</attscale></attr><attr><attrlabl Sync="TRUE">Shape</attrlabl><attalias Sync="TRUE">GDBSDISTM</attalias><attrtype Sync="TRUE">String</attrtype><attwidth Sync="TRUE">50</attwidth><atprecis Sync="TRUE">0</atprecis><attscale Sync="TRUE">0</attscale><attrdef Sync="TRUE">Feature geometry.</attrdef><attrdefs Sync="TRUE">ESRI</attrdefs><attrdomv><udom Sync="TRUE">Coordinates defining the features.</udom></attrdomv></attr><attr><attrlabl Sync="TRUE">GDBSDISTM</attrlabl><attalias Sync="TRUE">OBJECTID_1</attalias><attrtype Sync="TRUE">Integer</attrtype><attwidth Sync="TRUE">4</attwidth><atprecis Sync="TRUE">10</atprecis><attscale Sync="TRUE">0</attscale></attr><attr><attrlabl Sync="TRUE">OBJECTID_1</attrlabl><attalias Sync="TRUE">TIPO</attalias><attrtype Sync="TRUE">String</attrtype><attwidth Sync="TRUE">2</attwidth><attrdef Sync="TRUE">Internal feature number.</attrdef><attrdefs Sync="TRUE">ESRI</attrdefs><attrdomv><udom Sync="TRUE">Sequential unique whole numbers that are automatically generated.</udom></attrdomv><atprecis Sync="TRUE">0</atprecis><attscale Sync="TRUE">0</attscale></attr><attr><attrlabl Sync="TRUE">TIPO</attrlabl><attalias Sync="TRUE">Shape_Leng</attalias><attrtype Sync="TRUE">Double</attrtype><attwidth Sync="TRUE">8</attwidth><atprecis Sync="TRUE">38</atprecis><attscale Sync="TRUE">8</attscale></attr><attr><attrlabl Sync="TRUE">Shape_Leng</attrlabl><attalias Sync="TRUE">DISTRITO</attalias><attrtype Sync="TRUE">SmallInteger</attrtype><attwidth Sync="TRUE">2</attwidth><atprecis Sync="TRUE">5</atprecis><attscale Sync="TRUE">0</attscale></attr><attr><attrlabl Sync="TRUE">Shape.area</attrlabl><attalias Sync="TRUE">Shape.area</attalias><attrtype Sync="TRUE">Double</attrtype><attwidth Sync="TRUE">0</attwidth><atprecis Sync="TRUE">0</atprecis><attscale Sync="TRUE">0</attscale></attr><attr><attrlabl Sync="TRUE">Shape.len</attrlabl><attalias Sync="TRUE">Shape.len</attalias><attrtype Sync="TRUE">Double</attrtype><attwidth Sync="TRUE">0</attwidth><atprecis Sync="TRUE">0</atprecis><attscale Sync="TRUE">0</attscale></attr></detailed></eainfo><mdDateSt Sync="TRUE">20120725</mdDateSt><dataqual><lineage><procstep><procdesc Sync="TRUE">Dataset copied.</procdesc><srcused Sync="TRUE">\\Srvsit\comp_total\SIT_2007.gdb</srcused><date Sync="TRUE">20071024</date><time Sync="TRUE">17483800</time></procstep><procstep><procdesc Sync="TRUE">Dataset copied.</procdesc><srcused Sync="TRUE">\\JROMERO2\D\W SIT\7 GDBS_W\GDBS_ENTREGADO\UIT_.mdb</srcused><date Sync="TRUE">20071029</date><time Sync="TRUE">10032200</time></procstep><procstep><procdesc Sync="TRUE">Dataset copied.</procdesc><srcused Sync="TRUE">\\SRVSIT\comp_total\SIT_2007-12-11.gdb</srcused><date Sync="TRUE">20071121</date><time Sync="TRUE">11513000</time></procstep><procstep><procdesc Sync="TRUE">Dataset copied.</procdesc><srcused Sync="TRUE">Server=srvsit; Service=sde:sqlserver:srvsit; Database=sde; Version=sde.DEFAULT</srcused><date Sync="TRUE">20071127</date><time Sync="TRUE">09560200</time></procstep><procstep><procdesc Sync="TRUE">Dataset copied.</procdesc><srcused Sync="TRUE">Server=srvsit; Service=sde:sqlserver:srvsit; Database=sde; Version=sde.DEFAULT</srcused><date Sync="TRUE">20080121</date><time Sync="TRUE">16142400</time></procstep><procstep><procdesc Sync="TRUE">Dataset copied.</procdesc><srcused Sync="TRUE">Server=optimus; Service=sde:sqlserver:optimus; Database=sde; Version=sde.DEFAULT</srcused><date Sync="TRUE">20080401</date><time Sync="TRUE">11340600</time></procstep><procstep><procdesc Sync="TRUE">Dataset copied.</procdesc><srcused Sync="TRUE">Server=srvsit; Service=sde:sqlserver:srvsit; Database=sde; Version=sde.DEFAULT</srcused><date Sync="TRUE">20080609</date><time Sync="TRUE">10014700</time></procstep><procstep><procdesc Sync="TRUE">Dataset copied.</procdesc><srcused Sync="TRUE">\\UIT04\E$\disco_d\SIT_BK_9_6_008\sit_09062008.gdb</srcused><date Sync="TRUE">20080703</date><time Sync="TRUE">09053300</time></procstep><procstep><procdesc Sync="TRUE">Dataset copied.</procdesc><srcused Sync="TRUE">Server=srvsit; Service=sde:sqlserver:srvsit; Database=sde; Version=sde.DEFAULT</srcused><date Sync="TRUE">20081015</date><time Sync="TRUE">16092000</time></procstep><procstep><procdesc Sync="TRUE">Dataset copied.</procdesc><srcused Sync="TRUE">\\UIT04\C$\New File Geodatabase.gdb</srcused><date Sync="TRUE">20081016</date><time Sync="TRUE">09422700</time></procstep><procstep><procdesc Sync="TRUE">Dataset copied.</procdesc><srcused Sync="TRUE">Server=srvsit; Service=sde:sqlserver:srvsit; Database=sde; Version=sde.DEFAULT</srcused><date Sync="TRUE">20081110</date><time Sync="TRUE">15191400</time></procstep><procstep><procdesc Sync="TRUE">Dataset copied.</procdesc><srcused Sync="TRUE"></srcused><date Sync="TRUE">20090409</date><time Sync="TRUE">11205100</time></procstep><procstep><procdesc Sync="TRUE">Dataset copied.</procdesc><srcused Sync="TRUE"></srcused><date Sync="TRUE">20090710</date><time Sync="TRUE">18512900</time></procstep><procstep><procdesc Sync="TRUE">Dataset copied.</procdesc><srcused Sync="TRUE">\\CGPTP4\C$\Documents and Settings\izabala\Escritorio\ultiod\uspa 2009\a julio2009\uspa propuesto\uspa_propuesto.mdb</srcused><date Sync="TRUE">20090714</date><time Sync="TRUE">14465800</time></procstep><procstep><procdesc Sync="TRUE">Dataset copied.</procdesc><srcused Sync="TRUE">\\GMLPPC03164\03 Trabajos\031 Proyectos\UMODT\LimiteUrbanoRural\LUR_GBD\LUR.gdb</srcused><procdate Sync="TRUE">20120402</procdate><proctime Sync="TRUE">17254700</proctime></procstep><procstep><procdesc Sync="TRUE">Dataset copied.</procdesc><srcused Sync="TRUE">\\GMLPPC03164\03 Trabajos\031 Proyectos\UMODT\LimiteUrbanoRural\LUR_GBD\LUR.gdb</srcused><procdate Sync="TRUE">20120403</procdate><proctime Sync="TRUE">11273000</proctime></procstep><procstep><procdesc Sync="TRUE">Dataset copied.</procdesc><srcused Sync="TRUE">\\GMLPPC03164\03 Trabajos\031 Proyectos\UMODT\LimiteUrbanoRural\LUR_GBD\LUR.gdb</srcused><procdate Sync="TRUE">20120403</procdate><proctime Sync="TRUE">11374600</proctime></procstep><procstep><procdesc Sync="TRUE">Dataset copied.</procdesc><srcused Sync="TRUE">\\GMLPPC03164\03 Trabajos\031 Proyectos\UMODT\LimiteUrbanoRural\LUR_GBD\LUR.gdb</srcused><procdate Sync="TRUE">20120511</procdate><proctime Sync="TRUE">10463400</proctime></procstep><procstep><procdesc Sync="TRUE">Dataset copied.</procdesc><srcused Sync="TRUE">\\GMLPPC03164\03 Trabajos\031 Proyectos\UMODT\LimiteUrbanoRural\LUR_GBD\LUR.gdb</srcused><procdate Sync="TRUE">20120511</procdate><proctime Sync="TRUE">11081900</proctime></procstep><procstep><procdesc Sync="TRUE">Dataset copied.</procdesc><srcused Sync="TRUE">Server=SRVSIT; Service=sde:sqlserver:srvsit\SOURCE; Database=sde; Version=sde.DEFAULT</srcused><procdate Sync="TRUE">20120907</procdate><proctime Sync="TRUE">10090500</proctime></procstep><procstep><procdesc Sync="TRUE">Dataset copied.</procdesc><srcused Sync="TRUE">\\GMLPPC05028\D$\INSUMOS\La_Paz_SOURCE.gdb</srcused><procdate Sync="TRUE">20131217</procdate><proctime Sync="TRUE">11505100</proctime></procstep><procstep><procdesc Sync="TRUE">Dataset copied.</procdesc><srcused Sync="TRUE"></srcused><procdate Sync="TRUE">20140123</procdate><proctime Sync="TRUE">16204700</proctime></procstep><procstep><procdesc Sync="TRUE">Dataset copied.</procdesc><srcused Sync="TRUE"></srcused><procdate Sync="TRUE">20140129</procdate><proctime Sync="TRUE">09281000</proctime></procstep></lineage></dataqual></metadata>
